{"id": 0, "knowledge_cosine": 0.9872495532035828, "question_cosine": 0.9310202598571777, "right_answer_cosine": 0.9600635766983032, "hallucinated_answer_cosine": 0.9467577934265137}
{"id": 1, "knowledge_cosine": 0.9961315989494324, "question_cosine": 0.9720781445503235, "right_answer_cosine": 1.0000001192092896, "hallucinated_answer_cosine": 0.9934139847755432}
{"id": 2, "knowledge_cosine": 0.9378676414489746, "question_cosine": 0.9395056962966919, "right_answer_cosine": 1.0000001192092896, "hallucinated_answer_cosine": 0.9196825623512268}
{"id": 3, "knowledge_cosine": 0.9904622435569763, "question_cosine": 0.9846346378326416, "right_answer_cosine": 1.0, "hallucinated_answer_cosine": 1.0}
{"id": 5, "knowledge_cosine": 0.9994627833366394, "question_cosine": 1.0, "right_answer_cosine": 1.0, "hallucinated_answer_cosine": 1.0}
{"id": 6, "knowledge_cosine": 0.7108197808265686, "question_cosine": 0.8573341369628906, "right_answer_cosine": 1.0, "hallucinated_answer_cosine": 0.7411414384841919}
{"id": 7, "knowledge_cosine": 0.9747014045715332, "question_cosine": 0.9907752275466919, "right_answer_cosine": 1.0000001192092896, "hallucinated_answer_cosine": 1.0}
{"id": 9, "knowledge_cosine": 0.8090531229972839, "question_cosine": 0.8785751461982727, "right_answer_cosine": 0.4303255081176758, "hallucinated_answer_cosine": 0.8554177284240723}
{"id": 10, "knowledge_cosine": 0.9844148755073547, "question_cosine": 0.9238153696060181, "right_answer_cosine": 1.0000001192092896, "hallucinated_answer_cosine": 0.9979833960533142}
{"id": 11, "knowledge_cosine": 0.4922044277191162, "question_cosine": 0.5816078186035156, "right_answer_cosine": 0.8961747288703918, "hallucinated_answer_cosine": 0.4804224967956543}
{"id": 12, "knowledge_cosine": 0.889045000076294, "question_cosine": 0.9671216011047363, "right_answer_cosine": 0.8279867172241211, "hallucinated_answer_cosine": 0.964360773563385}
{"id": 13, "knowledge_cosine": 0.9799695014953613, "question_cosine": 0.9178737998008728, "right_answer_cosine": 0.6738730072975159, "hallucinated_answer_cosine": 0.8869919180870056}
{"id": 14, "knowledge_cosine": 0.9616255760192871, "question_cosine": 0.8982616662979126, "right_answer_cosine": 1.0000001192092896, "hallucinated_answer_cosine": 0.9882519841194153}
{"id": 15, "knowledge_cosine": 0.9540187120437622, "question_cosine": 0.9623245000839233, "right_answer_cosine": 1.0, "hallucinated_answer_cosine": 0.9970895648002625}
{"id": 16, "knowledge_cosine": 0.990185022354126, "question_cosine": 0.9696162343025208, "right_answer_cosine": 1.0000001192092896, "hallucinated_answer_cosine": 0.9825846552848816}
{"id": 17, "knowledge_cosine": 0.9956203103065491, "question_cosine": 0.8583385944366455, "right_answer_cosine": 0.9999998807907104, "hallucinated_answer_cosine": 1.0000001192092896}
{"id": 18, "knowledge_cosine": 0.991309642791748, "question_cosine": 0.9961498975753784, "right_answer_cosine": 1.0, "hallucinated_answer_cosine": 1.0}
{"id": 19, "knowledge_cosine": 0.9909400343894958, "question_cosine": 0.9348748326301575, "right_answer_cosine": 1.0, "hallucinated_answer_cosine": 0.9615459442138672}
{"id": 20, "knowledge_cosine": 0.9941543340682983, "question_cosine": 0.9980677962303162, "right_answer_cosine": 0.8767755031585693, "hallucinated_answer_cosine": 0.9947398900985718}
{"id": 21, "knowledge_cosine": 0.9692124128341675, "question_cosine": 0.9610728621482849, "right_answer_cosine": 0.7468863725662231, "hallucinated_answer_cosine": 0.8188933730125427}
{"id": 22, "knowledge_cosine": 0.9920958280563354, "question_cosine": 0.8939989805221558, "right_answer_cosine": 1.0, "hallucinated_answer_cosine": 0.9744252562522888}
{"id": 23, "knowledge_cosine": 0.9791536331176758, "question_cosine": 0.9799554347991943, "right_answer_cosine": 1.0, "hallucinated_answer_cosine": 0.9876699447631836}
{"id": 24, "knowledge_cosine": 0.8302122950553894, "question_cosine": 0.9208012819290161, "right_answer_cosine": 1.0, "hallucinated_answer_cosine": 0.9329389333724976}
{"id": 25, "knowledge_cosine": 0.9873843193054199, "question_cosine": 0.9870349168777466, "right_answer_cosine": 1.0, "hallucinated_answer_cosine": 0.9856414794921875}
{"id": 27, "knowledge_cosine": 0.973222553730011, "question_cosine": 0.9585138559341431, "right_answer_cosine": 0.8100740909576416, "hallucinated_answer_cosine": 1.0}
{"id": 28, "knowledge_cosine": 0.987335205078125, "question_cosine": 0.9778310656547546, "right_answer_cosine": 1.0000001192092896, "hallucinated_answer_cosine": 0.9792929887771606}
{"id": 29, "knowledge_cosine": 0.9752117395401001, "question_cosine": 0.9795839786529541, "right_answer_cosine": 1.0, "hallucinated_answer_cosine": 0.9915827512741089}
{"id": 30, "knowledge_cosine": 0.8825894594192505, "question_cosine": 0.8191621899604797, "right_answer_cosine": 0.9915105104446411, "hallucinated_answer_cosine": 0.984853982925415}
{"id": 31, "knowledge_cosine": 0.9643716812133789, "question_cosine": 0.953624963760376, "right_answer_cosine": 0.9318276643753052, "hallucinated_answer_cosine": 0.9075252413749695}
{"id": 32, "knowledge_cosine": 0.6530252695083618, "question_cosine": 0.8543953895568848, "right_answer_cosine": 1.0, "hallucinated_answer_cosine": 0.5984195470809937}
{"id": 33, "knowledge_cosine": 0.9937930107116699, "question_cosine": 0.9067028164863586, "right_answer_cosine": 1.0000001192092896, "hallucinated_answer_cosine": 0.9882470369338989}
{"id": 34, "knowledge_cosine": 0.985368013381958, "question_cosine": 0.9949361681938171, "right_answer_cosine": 1.0000001192092896, "hallucinated_answer_cosine": 0.9674859642982483}
{"id": 35, "knowledge_cosine": 0.806509792804718, "question_cosine": 0.7892043590545654, "right_answer_cosine": 1.0, "hallucinated_answer_cosine": 0.6919846534729004}
{"id": 36, "knowledge_cosine": 0.9857962131500244, "question_cosine": 0.8783202171325684, "right_answer_cosine": 1.000000238418579, "hallucinated_answer_cosine": 0.9462520480155945}
{"id": 37, "knowledge_cosine": 0.9883241653442383, "question_cosine": 0.9969228506088257, "right_answer_cosine": 1.000000238418579, "hallucinated_answer_cosine": 0.9661961793899536}
{"id": 38, "knowledge_cosine": 0.9956536293029785, "question_cosine": 0.9088459014892578, "right_answer_cosine": 0.9999999403953552, "hallucinated_answer_cosine": 0.9495187997817993}
{"id": 39, "knowledge_cosine": 0.9904305934906006, "question_cosine": 1.0, "right_answer_cosine": 1.0, "hallucinated_answer_cosine": 1.0}
{"id": 42, "knowledge_cosine": 0.9825767278671265, "question_cosine": 0.9393643736839294, "right_answer_cosine": 0.9999999403953552, "hallucinated_answer_cosine": 0.9618833065032959}
{"id": 43, "knowledge_cosine": 0.9776437282562256, "question_cosine": 0.9905149936676025, "right_answer_cosine": 1.0, "hallucinated_answer_cosine": 0.9798049926757812}
{"id": 45, "knowledge_cosine": 0.9900259375572205, "question_cosine": 0.9338163733482361, "right_answer_cosine": 0.9999999403953552, "hallucinated_answer_cosine": 0.92576003074646}
{"id": 46, "knowledge_cosine": 0.9891138076782227, "question_cosine": 0.9563666582107544, "right_answer_cosine": 0.7065213918685913, "hallucinated_answer_cosine": 0.9767047166824341}
{"id": 48, "knowledge_cosine": 0.9475380182266235, "question_cosine": 0.9803007245063782, "right_answer_cosine": 1.0, "hallucinated_answer_cosine": 0.9928386807441711}
{"id": 49, "knowledge_cosine": 0.9932084083557129, "question_cosine": 0.9902538657188416, "right_answer_cosine": 0.9999999403953552, "hallucinated_answer_cosine": 0.9825085997581482}
{"id": 50, "knowledge_cosine": 0.9933955669403076, "question_cosine": 0.9123020768165588, "right_answer_cosine": 1.0, "hallucinated_answer_cosine": 0.9675183296203613}
{"id": 51, "knowledge_cosine": 0.9867216944694519, "question_cosine": 0.9892300963401794, "right_answer_cosine": 0.9999998807907104, "hallucinated_answer_cosine": 0.9702385663986206}
{"id": 52, "knowledge_cosine": 0.9758512377738953, "question_cosine": 0.9794509410858154, "right_answer_cosine": 1.0000001192092896,