{"id": 0, "knowledge_cosine": 0.9991317391395569, "question_cosine": 0.9321140050888062, "right_answer_cosine": 0.9999998807907104, "hallucinated_answer_cosine": 0.9329477548599243}
{"id": 1, "knowledge_cosine": 0.9932875037193298, "question_cosine": 0.9840832948684692, "right_answer_cosine": 1.0000001192092896, "hallucinated_answer_cosine": 0.9960919618606567}
{"id": 2, "knowledge_cosine": 0.9716231226921082, "question_cosine": 0.9531075358390808, "right_answer_cosine": 1.0000001192092896, "hallucinated_answer_cosine": 0.9479448795318604}
{"id": 3, "knowledge_cosine": 0.9715480208396912, "question_cosine": 0.9846346378326416, "right_answer_cosine": 1.0, "hallucinated_answer_cosine": 1.0}
{"id": 5, "knowledge_cosine": 0.9990375638008118, "question_cosine": 1.0, "right_answer_cosine": 1.0, "hallucinated_answer_cosine": 1.0}
{"id": 6, "knowledge_cosine": 0.8002475500106812, "question_cosine": 0.937763512134552, "right_answer_cosine": 1.0, "hallucinated_answer_cosine": 0.8538364171981812}
{"id": 7, "knowledge_cosine": 0.9831622838973999, "question_cosine": 0.9815903902053833, "right_answer_cosine": 1.0000001192092896, "hallucinated_answer_cosine": 0.9602418541908264}
{"id": 9, "knowledge_cosine": 0.9246044158935547, "question_cosine": 0.9762119054794312, "right_answer_cosine": 1.0, "hallucinated_answer_cosine": 0.9711625576019287}
{"id": 10, "knowledge_cosine": 0.9660232663154602, "question_cosine": 0.8966729044914246, "right_answer_cosine": 1.0000001192092896, "hallucinated_answer_cosine": 0.992081880569458}
{"id": 11, "knowledge_cosine": 0.6865712404251099, "question_cosine": 0.7517452239990234, "right_answer_cosine": 0.8961747288703918, "hallucinated_answer_cosine": 0.7097284197807312}
{"id": 12, "knowledge_cosine": 0.9497755765914917, "question_cosine": 0.9671216011047363, "right_answer_cosine": 1.0000001192092896, "hallucinated_answer_cosine": 0.96955406665802}
{"id": 13, "knowledge_cosine": 0.9796593189239502, "question_cosine": 0.9898525476455688, "right_answer_cosine": 0.6738730072975159, "hallucinated_answer_cosine": 0.8911109566688538}
{"id": 14, "knowledge_cosine": 0.9559888243675232, "question_cosine": 0.8610434532165527, "right_answer_cosine": 1.0000001192092896, "hallucinated_answer_cosine": 0.9882519841194153}
{"id": 15, "knowledge_cosine": 0.9867984056472778, "question_cosine": 0.9699470400810242, "right_answer_cosine": 0.9953463077545166, "hallucinated_answer_cosine": 0.9970895648002625}
{"id": 16, "knowledge_cosine": 0.9955546855926514, "question_cosine": 0.9832826852798462, "right_answer_cosine": 1.0000001192092896, "hallucinated_answer_cosine": 1.000000238418579}
{"id": 17, "knowledge_cosine": 0.9937929511070251, "question_cosine": 0.8976811766624451, "right_answer_cosine": 0.9999998807907104, "hallucinated_answer_cosine": 1.0000001192092896}
{"id": 18, "knowledge_cosine": 0.9944740533828735, "question_cosine": 0.9627509117126465, "right_answer_cosine": 1.0, "hallucinated_answer_cosine": 0.994304895401001}
{"id": 19, "knowledge_cosine": 0.9936650991439819, "question_cosine": 0.923793613910675, "right_answer_cosine": 1.0, "hallucinated_answer_cosine": 0.9615459442138672}
{"id": 20, "knowledge_cosine": 0.9883521795272827, "question_cosine": 0.9582809805870056, "right_answer_cosine": 1.0, "hallucinated_answer_cosine": 0.9469226598739624}
{"id": 21, "knowledge_cosine": 0.9646140933036804, "question_cosine": 0.8745301961898804, "right_answer_cosine": 0.7468863725662231, "hallucinated_answer_cosine": 0.7981303930282593}
{"id": 22, "knowledge_cosine": 0.9954279661178589, "question_cosine": 0.8230977058410645, "right_answer_cosine": 1.0, "hallucinated_answer_cosine": 0.9744252562522888}
{"id": 23, "knowledge_cosine": 0.9762983322143555, "question_cosine": 0.989399254322052, "right_answer_cosine": 1.0, "hallucinated_answer_cosine": 0.9909123182296753}
{"id": 24, "knowledge_cosine": 0.9871416091918945, "question_cosine": 1.0000001192092896, "right_answer_cosine": 1.0, "hallucinated_answer_cosine": 0.9974685907363892}
{"id": 25, "knowledge_cosine": 0.9996824860572815, "question_cosine": 1.0, "right_answer_cosine": 1.0, "hallucinated_answer_cosine": 1.0}
{"id": 27, "knowledge_cosine": 0.9929066896438599, "question_cosine": 1.0000001192092896, "right_answer_cosine": 1.0000001192092896, "hallucinated_answer_cosine": 1.0}
{"id": 28, "knowledge_cosine": 0.987335205078125, "question_cosine": 0.9778310656547546, "right_answer_cosine": 1.0000001192092896, "hallucinated_answer_cosine": 0.9785928726196289}
{"id": 29, "knowledge_cosine": 0.9791998863220215, "question_cosine": 0.9670007228851318, "right_answer_cosine": 1.0, "hallucinated_answer_cosine": 0.9915827512741089}
{"id": 30, "knowledge_cosine": 0.9938986301422119, "question_cosine": 0.9723358154296875, "right_answer_cosine": 1.0, "hallucinated_answer_cosine": 0.984853982925415}
{"id": 31, "knowledge_cosine": 0.9764495491981506, "question_cosine": 0.9736402630805969, "right_answer_cosine": 0.959898054599762, "hallucinated_answer_cosine": 0.9143255949020386}
{"id": 32, "knowledge_cosine": 0.9376105070114136, "question_cosine": 1.0, "right_answer_cosine": 1.0, "hallucinated_answer_cosine": 1.0}
{"id": 33, "knowledge_cosine": 0.9989842176437378, "question_cosine": 0.8915621042251587, "right_answer_cosine": 1.0000001192092896, "hallucinated_answer_cosine": 0.9882470369338989}
{"id": 34, "knowledge_cosine": 0.9899663925170898, "question_cosine": 0.9934436678886414, "right_answer_cosine": 1.0000001192092896, "hallucinated_answer_cosine": 0.9757806062698364}
{"id": 35, "knowledge_cosine": 0.9408589601516724, "question_cosine": 0.9823213815689087, "right_answer_cosine": 1.0, "hallucinated_answer_cosine": 0.8960983157157898}
{"id": 36, "knowledge_cosine": 0.998120903968811, "question_cosine": 0.9367102980613708, "right_answer_cosine": 1.000000238418579, "hallucinated_answer_cosine": 0.9714987277984619}
{"id": 37, "knowledge_cosine": 0.9967572689056396, "question_cosine": 0.9839958548545837, "right_answer_cosine": 1.000000238418579, "hallucinated_answer_cosine": 0.9512957334518433}
{"id": 38, "knowledge_cosine": 0.9954251050949097, "question_cosine": 0.9825802445411682, "right_answer_cosine": 0.9999999403953552, "hallucinated_answer_cosine": 0.9796183109283447}
{"id": 39, "knowledge_cosine": 0.9962913990020752, "question_cosine": 1.0, "right_answer_cosine": 1.0, "hallucinated_answer_cosine": 1.0}
{"id": 42, "knowledge_cosine": 0.9906631112098694, "question_cosine": 0.9224578142166138, "right_answer_cosine": 0.9999999403953552, "hallucinated_answer_cosine": 0.935838520526886}
{"id": 43, "knowledge_cosine": 0.9927681684494019, "question_cosine": 0.9873984456062317, "right_answer_cosine": 1.0, "hallucinated_answer_cosine": 0.9780052304267883}
{"id": 45, "knowledge_cosine": 0.9582439064979553, "question_cosine": 0.8842488527297974, "right_answer_cosine": 0.9999999403953552, "hallucinated_answer_cosine": 0.8879908323287964}
{"id": 46, "knowledge_cosine": 0.988728940486908, "question_cosine": 0.9949594736099243, "right_answer_cosine": 0.7065213918685913, "hallucinated_answer_cosine": 0.9866034984588623}
{"id": 48, "knowledge_cosine": 0.9802284836769104, "question_cosine": 0.9783873558044434, "right_answer_cosine": 1.0, "hallucinated_answer_cosine": 0.993392825126648}
{"id": 49, "knowledge_cosine": 0.9749422669410706, "question_cosine": 0.9902187585830688, "right_answer_cosine": 0.9999999403953552, "hallucinated_answer_cosine": 0.979875385761261}
{"id": 50, "knowledge_cosine": 0.9911162853240967, "question_cosine": 0.8475347757339478, "right_answer_cosine": 0.8720272779464722, "hallucinated_answer_cosine": 0.9672629833221436}
{"id": 51, "knowledge_cosine": 0.9838672876358032, "question_cosine": 0.9702656865119934, "right_answer_cosine": 0.9999998807907104, "hallucinated_answer_cosine": 0.9657959938049316}
{"id": 52, "knowledge_cosine": 0.5684405565261841, "question_cosine": 0.8895615339279175, "right_answer_cosine": 1.0000001192092896, "hallucinated_answer_cosine": 1.0}
{"id": 53,